Type,Regression coef.,Std. Error,t value,P-val(t)
Crisis calls,-0.15153701853071377,0.034717841200716394,-4.3648168575523885,9.205350351907666e-4
