z.value,Pr...z..,t.value,Pr...t..,type
-8.966683062127679,3.055778318532719e-19,NA,NA,Involuntary - Form 1
NA,NA,-4.50351872299122,0.0011369071595541782,Substance related
NA,NA,-2.505218020811434,0.0311669483806848,Alcohol related
NA,NA,-7.538765752774089,1.973137160273009e-5,Mood related
NA,NA,0.7796276954135208,0.45366617179401625,Psychosis related
-5.870875254509505,4.335003731237635e-9,NA,NA,Situational crisis
-2.3844452854787437,0.01710489135972096,NA,NA,Self harm related
