z.value,Pr...z..,t.value,Pr...t..,type
-4.15612283066943,3.2369384378446737e-5,NA,NA,Suicide
NA,NA,-1.3044334367998454,0.22130806661338318,Alcohol
NA,NA,-1.1422957462018135,0.27994384121528415,Assault
NA,NA,1.224759193259877,0.2487332664549652,Domestic Disputes
NA,NA,-4.530630542830348,0.0010903292136968722,Crisis calls
