Type,Regression coef.,Std. Error,t value,P-val(t)
Suicide attempt,-0.5003816646049686,0.1556945988498334,-3.213866558643977,0.007438650034373021
Intoxication,-0.4401506660960548,0.2812119209004706,-1.565192061156744,0.14351466676261154
Assault,-0.2929871246814748,0.2216773774524358,-1.3216825643128136,0.21091738035265065
Domestic dispute,0.20529076447036862,0.16731617414096844,1.2269630567658423,0.2433650126295187
Total,-0.05318516718795653,0.14757154994331023,-0.36040257900921735,0.7248101223922594
