Type,Regression coef.,Std. Error,t value,P-val(t)
Volume,-0.5808651919532651,0.01917733386222881,-30.289152607251754,6.334076634786244e-51
